{
  "generator": "suiban/vendor/codebooks/generate.py (stdlib-only Lloyd-Max)",
  "distribution": "N(0,1), symmetric minimum-MSE scalar quantizer",
  "convergence_eps": 1e-12,
  "tq3_0": {
    "levels": 8,
    "iterations": 187,
    "computed_centroids": [
      -2.1519457045437296,
      -1.3439092785118296,
      -0.7560052812108832,
      -0.24509417894605506,
      0.24509417894605484,
      0.7560052812108832,
      1.3439092785118287,
      2.1519457045437305
    ],
    "computed_boundaries": [
      -1.7479274915277796,
      -1.0499572798613563,
      -0.5005497300784691,
      -1.1102230246251565e-16,
      0.500549730078469,
      1.049957279861356,
      1.7479274915277796
    ],
    "theoretical_mse": 0.03454776078850382,
    "theoretical_mse_simpson_check": 0.03454776061546692,
    "emitted_centroids": [
      -2.1519,
      -1.3439,
      -0.756,
      -0.2451,
      0.2451,
      0.756,
      1.3439,
      2.1519
    ],
    "emitted_boundaries": [
      -1.7479,
      -1.05,
      -0.5005,
      0.0,
      0.5005,
      1.05,
      1.7479
    ],
    "emitted_source": "Aaryan-Kapoor/llama.cpp branch turboquant-tq3_0 (MIT), verbatim",
    "max_dev_vs_reference": 4.9730078469090166e-05
  },
  "tq4_0": {
    "levels": 16,
    "iterations": 666,
    "computed_centroids": [
      -2.7325895710187003,
      -2.0690172265579827,
      -1.6180463860490164,
      -1.25623119737275,
      -0.9423404565090853,
      -0.6567591185495282,
      -0.3880482995010535,
      -0.12839502985482398,
      0.12839502985482348,
      0.38804829950105296,
      0.6567591185495286,
      0.9423404565090838,
      1.2562311973727474,
      1.6180463860490177,
      2.069017226557981,
      2.7325895710186927
    ],
    "computed_boundaries": [
      -2.4008033987883417,
      -1.8435318063034996,
      -1.437138791710883,
      -1.0992858269409176,
      -0.7995497875293067,
      -0.5224037090252909,
      -0.2582216646779387,
      -2.498001805406602e-16,
      0.2582216646779382,
      0.5224037090252908,
      0.7995497875293063,
      1.0992858269409156,
      1.4371387917108827,
      1.8435318063034993,
      2.400803398788337
    ],
    "theoretical_mse": 0.009501008008192011,
    "theoretical_mse_simpson_check": 0.009501008299882657,
    "emitted_centroids": [
      -2.7325896,
      -2.0690172,
      -1.6180464,
      -1.2562312,
      -0.9423405,
      -0.6567591,
      -0.3880483,
      -0.128395,
      0.128395,
      0.3880483,
      0.6567591,
      0.9423405,
      1.2562312,
      1.6180464,
      2.0690172,
      2.7325896
    ],
    "emitted_boundaries": [
      -2.4008034,
      -1.8435318,
      -1.4371388,
      -1.0992859,
      -0.7995498,
      -0.5224037,
      -0.2582217,
      0.0,
      0.2582217,
      0.5224037,
      0.7995498,
      1.0992859,
      1.4371388,
      1.8435318,
      2.4008034
    ],
    "emitted_source": "computed here; cross-checked vs Max (1960) literature values",
    "max_dev_vs_reference": 5.954349091619182e-05
  },
  "rht_signs": {
    "formula": "sign[i] = -1 if ((i * 0x9E3779B9) & 0xFFFFFFFF) >> 31 else +1",
    "values": [
      1,
      -1,
      1,
      -1,
      1,
      1,
      -1,
      1,
      -1,
      -1,
      1,
      -1,
      1,
      1,
      -1,
      1,
      -1,
      -1,
      1,
      -1,
      1,
      -1,
      -1,
      1,
      -1,
      1,
      1,
      -1,
      1,
      -1,
      -1,
      1
    ]
  }
}
